{
  "name": "ibmcloudcode",
  "description": "Cloud Code SDK for IBM Bluemix",
  "main": "./js/IBMCloudCode.js",
  "keywords": [
    "ibmcloudcode",
    "ibmbluemix"
  ],
  "authors": [
    "IBM"
  ],
  "license": "IBM",
  "dependencies": {
    "ibmbluemix": "https://hub.jazz.net/git/bluemixmobilesdk/ibmbluemix-javascript/.git"
  },
  "_release": "b76e893588",
  "_resolution": {
    "type": "branch",
    "branch": "master",
    "commit": "b76e89358874a7b4c8b55dfe12a3c32ed7df979c"
  },
  "_source": "https://hub.jazz.net/git/bluemixmobilesdk/ibmcloudcode-javascript/.git",
  "_target": "*",
  "_originalSource": "https://hub.jazz.net/git/bluemixmobilesdk/ibmcloudcode-javascript/.git",
  "_direct": true
}